model,size_multiple,mean_DCR
CTGAN,1,1.4584263093214715
CTGAN,2,1.459703903392285
CTGAN,4,1.4597367136004042
TVAE,1,0.8280649974434033
TVAE,2,0.8345286008545552
TVAE,4,0.837107771637562
