source,classifier,test_accuracy,test_f1
REAL_train,AdaBoost(n=50),0.8511618384686253,0.6472586123241145
REAL_train,DecisionTree(max_depth=20),0.8275156106049749,0.6377123199311976
REAL_train,LogisticRegression,0.8502405568635479,0.6646802658721064
REAL_train,MLP(50),0.8414371993039206,0.6560071063735288
